{
  "project_info": {
    "project_number": "428427259380",
    "firebase_url": "https://mybikeapp-6930b.firebaseio.com",
    "project_id": "mybikeapp-6930b",
    "storage_bucket": "mybikeapp-6930b.appspot.com"
  },
  "client": [
    {
      "client_info": {
        "mobilesdk_app_id": "1:428427259380:android:f658b082a449c92b2d5da1",
        "android_client_info": {
          "package_name": "com.example.myapplication"
        }
      },
      "oauth_client": [
        {
          "client_id": "428427259380-r4d8qc8c5kktak22vtv3t1q7k2ij33ui.apps.googleusercontent.com",
          "client_type": 3
        }
      ],
      "api_key": [
        {
          "current_key": "AIzaSyBGSn3AjIEAebk3cBu2ooES3uwzyPFrEyI"
        }
      ],
      "services": {
        "appinvite_service": {
          "other_platform_oauth_client": [
            {
              "client_id": "428427259380-r4d8qc8c5kktak22vtv3t1q7k2ij33ui.apps.googleusercontent.com",
              "client_type": 3
            }
          ]
        }
      }
    }
  ],
  "configuration_version": "1"
}